County,Precinct,Kelly Mazeski,Amanda Howland,Sean Casten,Jennifer Zordani,Becky Anderson Wilkins,Ryan Huffman,Carole Cheney,Peter J. Roskam
cook,8700040,59,20,73,10,5,10,43,142
cook,8700068,28,12,27,1,5,5,32,95
cook,8700034,61,15,46,9,7,7,33,135
cook,8700044,29,21,29,5,3,5,32,190
cook,8700054,80,32,50,9,5,10,59,143
cook,8700020,38,18,30,8,6,5,14,48
cook,8700028,27,21,27,4,7,1,29,56
cook,8700008,51,28,47,6,7,7,34,95
cook,8700009,45,14,42,4,2,3,34,111
cook,8700042,62,28,51,2,7,5,42,130
cook,8700025,36,14,44,5,4,12,28,88
cook,7600031,33,19,16,6,4,4,19,81
cook,8700029,58,25,52,9,6,12,41,106
cook,8700002,51,17,53,12,5,15,49,147
cook,8700003,24,6,16,5,2,9,27,107
cook,8700001,35,15,28,3,5,4,19,68
cook,8700006,44,24,55,12,7,10,30,91
cook,8700007,42,18,56,5,5,9,36,86
cook,8700048,37,20,33,2,5,4,37,128
cook,8700049,39,5,22,4,1,4,22,83
cook,8700041,46,18,57,9,6,8,47,116
cook,8700069,36,18,40,7,4,5,23,82
cook,8700064,37,19,42,3,6,7,22,76
cook,8700065,34,19,27,8,2,7,25,86
cook,7900027,14,5,16,2,0,1,10,54
cook,8700067,24,13,17,3,4,3,13,147
cook,8700045,27,8,24,7,1,8,41,107
cook,8700063,36,16,41,5,5,9,31,82
cook,7000008,45,15,28,9,5,5,28,151
cook,7000009,44,8,33,3,4,5,30,111
cook,7000001,44,16,25,3,2,6,26,139
cook,7000002,70,27,34,5,2,12,27,90
cook,7000003,30,4,20,2,1,9,29,147
cook,7000005,54,6,13,2,2,2,16,160
cook,7000006,57,14,44,5,5,4,42,136
cook,7000007,19,3,6,8,1,1,5,38
cook,7600042,49,17,29,3,3,6,20,92
cook,7600044,35,23,21,6,1,5,26,80
cook,8700033,24,20,21,1,2,3,17,39
cook,8700032,21,16,35,8,4,4,32,99
cook,7600026,52,29,40,12,7,7,18,122
cook,8700030,42,14,36,5,7,9,24,74
cook,8700019,45,19,34,7,6,12,32,126
cook,8700018,34,25,37,6,3,5,23,63
cook,8700035,35,23,50,5,5,4,40,93
cook,7600009,81,21,28,14,4,6,29,108
cook,8700015,45,24,42,12,2,8,31,78
cook,8700014,38,18,51,8,4,6,29,90
cook,8700017,51,25,68,6,5,8,31,83
cook,8700038,21,3,40,4,10,3,41,123
cook,8700011,40,23,33,1,4,2,19,58
cook,8700010,54,12,21,4,4,12,37,137
cook,8700012,36,15,22,4,1,3,30,123
cook,8700046,42,34,42,4,3,9,46,114
cook,7900012,19,5,29,10,1,2,24,85
cook,8700043,64,16,27,10,7,10,30,77
cook,8700050,69,28,54,20,5,10,50,160
cook,8700052,28,14,25,8,5,8,38,135
cook,8700055,31,8,29,3,3,5,19,75
cook,8700031,33,24,31,2,4,8,30,102
cook,8700057,60,40,68,16,3,8,39,122
cook,8700056,51,24,30,4,5,6,36,98
cook,8700051,0,0,1,0,0,0,0,2
cook,8700023,19,4,19,3,1,3,35,100
cook,8700037,53,31,45,6,4,4,31,110
cook,7000010,45,12,19,5,4,4,26,67
cook,8700036,40,12,21,5,3,8,39,64
kane,SC0016,42,11,37,6,3,0,12,154
kane,EL0036,38,24,25,4,6,4,11,103
kane,DU0028,55,21,36,11,15,4,28,162
kane,EL0016,47,15,20,2,6,5,20,115
kane,SC0030,35,11,15,11,5,3,28,162
kane,EL0058,75,33,41,5,14,6,35,144
kane,EL0015,35,11,19,5,7,7,20,70
kane,EL0010,28,21,27,4,6,8,12,69
kane,EL0053,51,20,38,9,12,16,33,142
kane,EL0038,25,8,17,3,3,8,12,94
kane,EL0039,27,18,24,6,6,3,5,82
kane,EL0050,19,13,21,5,4,5,8,28
kane,EL0051,37,16,26,7,9,6,13,95
kane,EL0056,45,20,28,7,12,7,17,78
kane,EL0057,4,0,0,1,0,0,1,3
kane,EL0054,51,26,22,4,6,10,18,72
kane,EL0055,34,20,30,3,8,14,13,145
kane,DU0034,54,16,29,5,7,9,17,67
kane,DU0035,53,23,23,7,8,10,13,81
kane,DU0032,46,28,23,5,9,11,14,79
kane,DU0033,37,33,35,10,11,5,11,103
kane,DU0016,41,13,18,5,7,6,16,61
kane,DU0031,21,6,18,4,5,5,12,48
kane,DU0018,56,20,35,5,7,12,38,131
kane,SC0017,32,24,36,5,7,7,11,97
kane,SC0029,36,23,42,4,16,4,19,133
kane,SC0033,22,7,36,5,5,5,20,111
kane,SC0001,34,4,23,1,8,4,22,146
kane,RU0005,55,33,44,10,11,11,17,92
kane,RU0006,24,7,10,5,2,7,10,88
kane,RU0001,38,28,38,5,10,11,27,160
kane,EL0047,55,27,22,9,9,11,32,158
kane,SC0012,22,18,21,3,8,5,21,90
kane,SC0011,27,21,38,5,7,8,16,103
kane,SC0032,21,7,7,4,5,2,19,127
kane,SC0007,19,14,19,6,2,2,15,188
kane,SC0022,28,10,31,4,5,7,32,163
kane,EL0048,51,27,20,8,7,5,34,98
kane,EL0007,35,13,18,4,9,10,20,118
kane,SC0008,54,12,35,3,14,6,48,157
kane,SC0027,43,15,19,4,12,1,32,188
kane,SC0024,45,34,44,9,3,6,28,206
kane,DU0030,42,12,17,3,4,4,14,138
kane,SC0028,31,11,23,6,8,6,23,156
kane,EL0024,49,22,32,7,9,17,27,200
kane,EL0008,32,34,20,4,9,6,13,77
kane,EL0021,26,6,21,7,5,3,9,46
kane,SC0003,35,14,27,5,9,1,26,108
kane,DU0025,36,9,12,1,1,5,10,77
kane,DU0024,33,21,24,5,3,6,13,78
kane,DU0027,17,10,9,2,4,0,6,60
kane,DU0026,32,5,23,2,3,10,15,78
kane,DU0020,33,20,34,11,6,9,25,120
kane,DU0023,26,5,15,4,3,10,23,36
kane,DU0022,19,10,19,0,5,7,14,112
kane,DU0004,23,15,21,1,7,9,21,95
kane,DU0029,27,11,20,5,2,6,16,84
kane,DU0002,28,17,24,5,7,9,22,99
kane,DU0001,38,20,37,4,7,11,21,93
kane,SC0031,28,19,32,6,8,3,18,205
kane,EL0059,113,123,42,14,14,5,87,249
kane,SC0026,30,16,26,3,12,5,27,198
kane,SC0002,38,12,27,8,11,5,22,122
lake,Ela 86,60,36,36,3,4,4,24,162
lake,Ela 87,57,38,35,5,5,5,20,121
lake,Ela 84,23,45,18,5,0,5,23,117
lake,Ela 85,40,25,29,3,2,4,16,79
lake,Ela 82,46,24,30,5,3,4,15,112
lake,Ela 83,45,60,44,7,4,3,26,118
lake,Ela 80,41,38,25,1,0,7,24,95
lake,Ela 81,33,25,25,10,1,6,22,97
lake,Ela 104,43,18,34,2,1,5,25,118
lake,Ela 88,19,21,10,4,5,1,6,130
lake,Ela 89,33,23,31,6,8,9,24,129
lake,Ela 105,59,28,32,5,4,11,29,180
lake,Ela 102,42,24,27,7,5,7,28,187
lake,Ela 103,62,42,40,7,3,8,18,141
lake,Ela 79,41,26,26,10,2,2,26,141
lake,Ela 78,22,30,25,4,5,4,15,121
lake,Ela 100,32,34,32,6,5,7,18,125
lake,Ela 101,36,27,22,7,8,3,36,134
lake,Cuba 64,29,9,12,1,1,0,8,74
lake,Cuba 65,49,10,16,1,3,4,17,150
lake,Cuba 66,78,12,25,3,3,2,18,98
lake,Cuba 67,26,17,24,3,2,2,9,89
lake,Cuba 68,55,16,22,1,2,5,34,146
lake,Cuba 69,58,34,50,9,2,2,35,166
lake,Ela 95,43,45,40,11,5,5,25,125
lake,Ela 94,60,43,25,9,5,6,29,121
lake,Ela 97,52,40,33,8,4,5,24,112
lake,Ela 96,55,26,35,7,4,4,22,156
lake,Ela 91,36,26,29,2,1,4,17,97
lake,Ela 90,41,50,42,4,7,5,22,133
lake,Ela 93,43,31,41,5,5,9,24,105
lake,Ela 92,45,32,21,6,4,1,19,110
lake,Ela 99,57,37,28,3,2,5,24,203
lake,Ela 98,63,31,23,6,4,3,28,139
lake,Cuba 73,43,14,24,4,2,1,31,119
lake,Cuba 72,38,23,15,1,0,0,17,97
lake,Cuba 71,23,14,22,0,2,5,23,111
lake,Cuba 70,26,13,20,1,0,4,12,87
lake,Cuba 77,55,17,26,1,1,5,25,166
lake,Cuba 76,59,19,33,1,8,10,35,92
lake,Cuba 75,44,12,14,2,1,3,15,111
lake,Cuba 74,37,16,26,3,2,3,24,134
dupage,Winfield 8,11,7,19,1,6,6,13,69
dupage,Downers Grove 87,50,14,41,9,9,5,23,191
dupage,Downers Grove 85,19,8,33,7,4,0,11,70
dupage,Downers Grove 84,22,4,63,11,3,4,13,74
dupage,Downers Grove 83,5,2,3,0,1,1,5,34
dupage,Naperville 5,12,6,21,2,57,4,23,66
dupage,Naperville 7,23,12,19,3,46,3,19,64
dupage,York 100,37,13,31,7,7,8,16,76
dupage,York 101,28,11,29,3,2,3,13,67
dupage,Downers Grove 16,8,2,54,1,1,1,1,63
dupage,Downers Grove 17,15,4,141,0,7,2,16,92
dupage,Downers Grove 10,29,11,70,10,17,3,12,75
dupage,York 105,6,3,5,3,0,1,6,46
dupage,York 106,13,3,8,5,0,1,4,90
dupage,York 109,13,3,49,2,2,0,14,77
dupage,Downers Grove 18,24,10,77,6,27,3,18,70
dupage,Downers Grove 19,18,5,19,5,3,2,8,50
dupage,York 42,21,14,24,2,4,3,14,56
dupage,York 43,27,9,23,4,2,2,14,35
dupage,York 46,28,14,18,5,7,2,12,89
dupage,Milton 55,22,12,35,5,4,3,23,102
dupage,Milton 54,21,9,46,2,5,2,39,122
dupage,Milton 57,11,16,26,6,5,2,22,100
dupage,Milton 56,16,26,57,2,4,5,24,67
dupage,Milton 51,2,3,4,2,0,0,1,35
dupage,Milton 50,17,20,51,1,9,6,21,88
dupage,Lisle 56,28,15,36,3,7,3,12,59
dupage,Milton 52,23,8,59,6,8,4,25,106
dupage,Lisle 59,27,19,42,3,18,1,28,88
dupage,Milton 59,24,7,49,4,6,3,22,95
dupage,Milton 58,21,13,79,6,6,3,29,73
dupage,Lisle 40,28,6,85,3,10,3,15,80
dupage,Downers Grove 127,23,13,29,12,6,3,20,59
dupage,Naperville 31,27,10,24,6,29,1,23,71
dupage,Lisle 44,14,8,25,1,9,4,31,77
dupage,Lisle 25,16,1,18,4,15,2,26,70
dupage,Milton 130,13,3,19,1,2,0,11,131
dupage,Downers Grove 118,36,10,23,3,6,2,10,46
dupage,Lisle 22,17,5,74,1,18,1,16,86
dupage,Downers Grove 115,34,15,18,8,2,1,10,91
dupage,Downers Grove 112,30,15,41,8,1,3,12,79
dupage,Downers Grove 113,13,5,13,4,1,3,5,16
dupage,Wayne 50,32,12,12,5,3,1,12,79
dupage,Wayne 53,25,8,14,6,4,2,16,57
dupage,Wayne 52,14,12,21,4,4,3,11,69
dupage,Wayne 55,29,13,19,1,5,1,22,105
dupage,Wayne 54,26,16,12,2,6,7,14,51
dupage,Wayne 57,22,9,25,7,5,5,6,81
dupage,Wayne 56,14,5,6,0,1,2,10,90
dupage,Wayne 59,25,9,22,6,2,1,16,66
dupage,Wayne 58,16,5,15,4,2,0,7,55
dupage,Downers Grove 146,22,25,47,2,10,5,12,75
dupage,Downers Grove 149,40,6,62,5,6,4,15,107
dupage,Milton 71,22,8,32,2,8,1,31,117
dupage,Milton 119,6,7,8,0,0,0,3,20
dupage,Milton 111,33,10,28,2,3,3,19,75
dupage,Milton 110,25,12,33,6,8,4,12,75
dupage,Milton 113,10,6,54,1,4,1,29,52
dupage,Milton 112,17,7,16,1,4,2,13,90
dupage,Milton 115,14,9,25,2,4,2,24,83
dupage,Milton 114,10,10,18,3,7,2,19,60
dupage,Milton 116,24,8,28,9,2,4,30,119
dupage,Bloomingdale 9,23,17,23,5,6,5,9,72
dupage,Bloomingdale 43,26,12,18,4,6,3,13,70
dupage,Bloomingdale 45,14,8,15,6,2,2,20,218
dupage,Downers Grove 142,23,8,10,6,7,1,7,28
dupage,Naperville 10,5,13,28,5,42,1,32,90
dupage,Milton 86,16,18,22,6,2,2,15,43
dupage,York 30,22,5,21,0,6,3,9,116
dupage,Naperville 15,34,13,22,3,15,2,23,51
dupage,York 36,34,15,57,4,6,0,10,106
dupage,Winfield 4,33,6,21,2,8,1,21,108
dupage,Winfield 5,18,16,23,6,5,5,8,81
dupage,Winfield 6,11,6,21,3,7,1,8,72
dupage,Downers Grove 48,18,3,30,3,11,1,19,56
dupage,Winfield 1,39,13,22,2,8,7,10,80
dupage,Winfield 2,20,11,34,4,5,7,16,112
dupage,Downers Grove 47,10,7,36,3,6,2,8,40
dupage,Winfield 9,29,14,13,8,2,4,11,29
dupage,Downers Grove 45,25,10,52,4,7,3,7,104
dupage,Downers Grove 44,21,5,26,5,5,2,11,101
dupage,Naperville 19,15,6,31,5,30,3,31,56
dupage,Downers Grove 82,31,8,55,7,3,1,20,101
dupage,Lisle 83,15,13,12,1,15,2,12,41
dupage,Lisle 81,14,5,19,2,14,4,25,103
dupage,Lisle 80,16,10,18,4,5,3,11,61
dupage,Lisle 89,29,14,33,7,11,5,18,50
dupage,Lisle 88,6,8,66,2,7,3,13,37
dupage,Winfield 17,22,9,24,4,5,4,18,95
dupage,Winfield 14,36,16,39,8,14,5,19,120
dupage,Winfield 15,14,8,17,2,2,1,9,42
dupage,Winfield 12,25,16,40,4,7,2,19,121
dupage,Winfield 13,8,10,11,5,3,2,3,35
dupage,Winfield 18,26,13,25,2,7,1,20,111
dupage,Winfield 19,19,13,32,3,7,1,13,124
dupage,Milton 91,20,12,22,3,4,3,28,131
dupage,Milton 90,27,13,42,4,1,4,13,129
dupage,Milton 93,25,6,23,5,6,3,37,58
dupage,Milton 92,20,7,36,2,4,2,41,105
dupage,Milton 95,27,11,31,7,6,3,26,177
dupage,Milton 94,23,9,29,5,8,2,19,80
dupage,Milton 97,37,11,34,2,8,5,30,83
dupage,Milton 96,24,10,77,5,4,4,27,75
dupage,Lisle 14,11,3,16,1,12,1,10,66
dupage,Milton 98,25,8,16,3,7,4,9,80
dupage,Lisle 16,20,10,26,5,7,2,16,61
dupage,Lisle 11,15,11,31,1,25,0,36,81
dupage,Wayne 68,34,14,21,3,1,1,8,53
dupage,Wayne 60,12,5,13,2,1,1,9,44
dupage,Wayne 67,21,10,16,4,8,1,6,57
dupage,Wayne 1,29,14,13,6,4,0,9,156
dupage,Wayne 3,11,6,5,2,0,1,7,66
dupage,Wayne 2,26,10,24,4,5,5,4,105
dupage,Wayne 5,24,6,15,10,5,4,13,74
dupage,Wayne 4,18,13,17,7,4,2,17,66
dupage,Wayne 7,20,6,20,4,2,5,10,106
dupage,Wayne 6,26,17,25,7,6,4,12,79
dupage,Wayne 9,14,6,25,5,3,2,19,109
dupage,Wayne 8,12,5,13,2,3,1,5,63
dupage,Wayne 19,29,11,15,5,3,3,12,37
dupage,Wayne 15,21,14,19,4,4,5,9,51
dupage,Wayne 17,21,15,46,4,3,3,12,74
dupage,Wayne 11,31,14,5,4,1,3,6,92
dupage,Wayne 10,17,5,7,4,2,0,6,101
dupage,Wayne 13,49,12,12,7,5,5,6,69
dupage,Wayne 12,22,12,18,3,1,1,16,63
dupage,Downers Grove 14,29,16,38,5,12,2,19,91
dupage,Downers Grove 15,19,16,32,11,5,4,21,68
dupage,Downers Grove 11,31,10,60,11,3,2,18,80
dupage,Downers Grove 12,24,8,60,4,11,3,15,88
dupage,Bloomingdale 77,22,12,31,1,3,3,14,62
dupage,Downers Grove 50,21,14,94,5,18,3,31,103
dupage,York 130,21,5,31,1,6,5,11,72
dupage,York 111,45,22,27,6,10,5,9,65
dupage,York 114,30,12,78,6,10,5,21,90
dupage,York 119,14,5,14,3,0,3,4,34
dupage,York 118,26,13,22,7,6,1,8,45
dupage,York 75,33,15,37,5,10,3,25,87
dupage,York 74,49,23,42,4,10,2,25,77
dupage,York 77,30,15,29,7,0,2,17,100
dupage,Milton 46,30,15,24,0,2,5,21,73
dupage,Milton 47,33,18,43,6,4,3,17,63
dupage,Milton 44,21,5,34,1,8,3,21,60
dupage,Milton 45,19,5,95,1,7,1,24,86
dupage,Milton 42,27,9,20,4,7,3,18,80
dupage,Milton 43,16,19,55,6,3,1,50,91
dupage,Milton 40,24,12,36,2,10,1,28,93
dupage,Milton 41,13,16,44,2,4,4,24,69
dupage,Downers Grove 129,19,17,54,5,8,2,16,74
dupage,Milton 48,23,26,17,6,6,3,15,80
dupage,Milton 49,30,5,30,4,6,3,14,78
dupage,York 97,30,17,22,11,6,3,17,82
dupage,York 95,21,10,20,2,3,4,27,52
dupage,York 93,17,3,17,5,2,1,11,31
dupage,York 92,16,5,45,3,2,2,8,43
dupage,Lisle 104,9,3,16,1,24,1,22,82
dupage,Lisle 107,12,3,28,3,13,2,11,70
dupage,Lisle 106,13,6,16,1,9,2,11,43
dupage,Lisle 101,16,10,30,4,8,0,15,43
dupage,Lisle 100,9,7,36,1,17,2,34,48
dupage,Wayne 25,41,10,15,6,1,1,14,78
dupage,Wayne 26,14,10,11,4,2,5,11,64
dupage,Wayne 20,38,12,19,9,5,7,12,76
dupage,Wayne 21,31,4,26,4,1,3,9,75
dupage,Wayne 22,17,12,17,5,3,3,12,127
dupage,Wayne 23,32,9,26,6,1,8,17,81
dupage,Wayne 28,9,9,8,2,0,2,4,53
dupage,Lisle 52,22,8,25,3,14,4,30,86
dupage,Lisle 55,16,7,25,1,16,3,21,64
dupage,Winfield 23,14,8,9,5,1,2,3,46
dupage,Winfield 22,27,10,31,3,12,3,16,93
dupage,Winfield 21,26,14,21,5,10,2,15,93
dupage,Winfield 20,15,6,25,4,3,2,14,80
dupage,Milton 128,15,18,27,3,2,1,27,96
dupage,Milton 129,9,3,25,2,0,1,17,68
dupage,Milton 124,11,9,17,5,6,1,8,49
dupage,Milton 125,14,7,22,1,1,1,8,49
dupage,Milton 126,18,5,20,1,6,3,7,97
dupage,Milton 127,14,6,25,0,5,0,28,74
dupage,Milton 120,21,9,13,4,2,3,9,19
dupage,Milton 122,23,15,27,1,6,2,15,96
dupage,Milton 123,13,5,5,3,4,3,8,42
dupage,Lisle 4,16,5,42,2,45,5,24,58
dupage,Downers Grove 78,19,16,23,4,9,5,8,90
dupage,Downers Grove 79,20,10,39,3,4,4,12,90
dupage,Downers Grove 76,21,8,22,3,4,3,11,33
dupage,Downers Grove 74,23,18,21,2,4,4,12,57
dupage,Downers Grove 75,16,8,66,3,8,2,14,74
dupage,Downers Grove 73,21,5,35,0,5,0,6,71
dupage,Downers Grove 70,29,10,24,3,2,2,20,86
dupage,Downers Grove 71,30,18,25,6,5,7,6,56
dupage,York 9,39,14,48,6,11,2,25,68
dupage,York 3,14,7,10,2,3,0,16,77
dupage,Milton 99,27,4,20,3,3,2,17,73
dupage,Lisle 43,12,5,32,4,13,1,25,89
dupage,Naperville 84,9,3,13,0,24,0,22,65
dupage,York 26,22,12,52,4,6,2,9,45
dupage,York 21,30,21,31,4,6,2,13,70
dupage,Milton 39,21,5,19,2,8,5,20,111
dupage,Milton 38,33,13,34,5,13,3,19,75
dupage,Milton 37,19,16,25,2,5,2,12,159
dupage,Milton 36,29,11,44,7,8,1,40,92
dupage,Milton 35,27,17,40,3,3,5,13,84
dupage,Milton 34,37,18,34,4,4,6,15,78
dupage,Milton 33,22,12,40,2,2,4,29,73
dupage,Milton 32,37,28,18,7,11,7,29,185
dupage,Milton 31,15,5,11,1,3,4,2,65
dupage,Milton 30,19,15,23,3,6,3,13,82
dupage,Milton 82,22,11,23,0,7,0,36,78
dupage,Milton 83,32,13,29,1,9,6,32,109
dupage,Milton 80,17,17,26,5,10,4,27,70
dupage,Milton 81,21,9,41,6,2,4,13,96
dupage,Naperville 16,6,2,11,0,9,0,23,60
dupage,Milton 87,22,13,24,0,3,3,21,125
dupage,Milton 84,18,15,32,4,9,8,18,153
dupage,Milton 85,17,13,31,5,6,2,32,126
dupage,Milton 88,24,14,24,1,6,2,18,49
dupage,Milton 89,26,9,37,3,4,4,18,78
dupage,Downers Grove 119,5,3,4,2,0,2,3,62
dupage,Downers Grove 2,18,8,120,2,7,2,10,89
dupage,Downers Grove 3,21,8,100,6,9,3,23,105
dupage,Downers Grove 6,14,3,49,0,0,0,13,78
dupage,Downers Grove 7,14,9,40,3,4,1,22,101
dupage,Downers Grove 8,31,21,84,9,12,2,24,113
dupage,Downers Grove 9,19,6,106,2,14,1,18,61
dupage,Bloomingdale 68,12,5,18,2,1,2,12,42
dupage,York 19,1,0,5,0,1,0,2,13
dupage,York 18,30,10,40,6,7,9,13,76
dupage,Downers Grove 121,13,9,48,3,13,0,25,101
dupage,Lisle 8,31,11,62,4,12,4,14,68
dupage,Downers Grove 39,31,18,42,6,15,8,13,76
dupage,York 122,8,5,12,2,0,1,4,52
dupage,York 123,22,13,23,7,9,3,13,60
dupage,York 121,74,37,51,7,4,3,42,123
dupage,Downers Grove 32,19,7,23,8,11,3,11,67
dupage,Lisle 3,14,0,35,2,21,0,33,44
dupage,Downers Grove 30,24,12,56,5,10,1,9,74
dupage,Lisle 1,16,7,36,3,24,1,9,40
dupage,Lisle 6,8,1,37,3,13,0,11,45
dupage,Downers Grove 37,33,6,39,22,2,0,18,109
dupage,York 128,24,11,24,14,9,3,38,101
dupage,Downers Grove 120,14,8,33,5,5,6,11,59
dupage,York 62,26,17,30,6,3,2,9,43
dupage,York 64,22,14,34,2,1,0,11,78
dupage,Lisle 77,10,4,26,3,12,2,18,45
dupage,Downers Grove 130,34,15,19,2,4,2,11,47
dupage,Downers Grove 131,31,11,31,11,5,4,24,72
dupage,Downers Grove 132,2,1,2,0,1,1,0,283
dupage,Lisle 78,18,8,15,1,18,1,28,56
dupage,York 86,30,8,20,7,3,4,17,57
dupage,Lisle 116,20,8,18,1,22,0,34,68
dupage,Lisle 117,6,3,6,1,10,0,9,62
dupage,Lisle 114,20,7,20,5,6,3,7,14
dupage,Lisle 115,18,5,26,1,31,3,24,90
dupage,Lisle 112,18,8,33,2,23,1,14,34
dupage,Lisle 111,23,14,28,6,11,3,13,44
dupage,Wayne 37,17,9,32,3,1,1,13,162
dupage,Wayne 36,7,7,8,5,2,1,5,53
dupage,Wayne 35,13,3,10,3,2,0,8,59
dupage,Wayne 33,20,11,12,5,3,8,14,73
dupage,Wayne 32,16,15,18,7,1,4,11,83
dupage,Wayne 30,34,17,25,7,5,4,19,91
dupage,Downers Grove 38,13,4,23,19,9,1,16,75
dupage,Wayne 39,22,12,23,12,8,1,13,104
dupage,Lisle 9,19,10,17,4,6,2,9,51
dupage,Winfield 38,22,8,28,3,7,3,15,114
dupage,Winfield 39,32,7,20,3,5,5,18,110
dupage,Winfield 37,12,14,17,2,0,2,7,68
dupage,Winfield 30,24,6,19,3,8,3,14,84
dupage,Downers Grove 141,16,6,23,5,3,2,1,46
dupage,Downers Grove 140,25,7,42,3,7,2,10,79
dupage,Milton 79,16,11,25,2,4,1,17,102
dupage,Milton 78,16,10,34,2,4,1,15,45
dupage,Downers Grove 145,32,13,45,8,11,2,15,77
dupage,Downers Grove 147,8,3,14,7,6,1,16,53
dupage,Downers Grove 33,28,8,37,7,8,5,8,54
dupage,Milton 73,22,23,20,9,7,7,22,66
dupage,Downers Grove 148,14,8,44,1,2,1,5,63
dupage,Naperville 61,17,8,19,1,17,1,40,155
dupage,Milton 77,21,5,13,4,0,1,23,106
dupage,Milton 76,30,23,44,9,9,3,20,82
dupage,Milton 75,20,10,37,3,5,2,27,143
dupage,Milton 74,24,12,37,0,7,4,19,123
dupage,Downers Grove 31,30,13,49,7,9,2,20,87
dupage,Downers Grove 36,21,3,144,2,11,0,18,137
dupage,Lisle 7,22,10,18,2,6,2,15,75
dupage,Downers Grove 34,37,9,97,6,18,1,24,95
dupage,Bloomingdale 80,14,7,13,2,5,4,8,69
dupage,Bloomingdale 89,12,7,14,1,3,5,17,77
dupage,Bloomingdale 18,35,13,23,3,2,3,11,59
dupage,Downers Grove 98,25,8,47,5,4,2,5,95
dupage,Downers Grove 94,32,11,68,9,16,1,20,100
dupage,Downers Grove 96,28,8,78,4,13,2,19,60
dupage,Downers Grove 97,38,16,37,8,6,3,14,81
dupage,Downers Grove 92,23,13,51,2,4,5,13,82
dupage,Naperville 96,3,1,11,3,14,2,12,40
dupage,Naperville 95,10,5,25,3,32,3,30,71
dupage,Downers Grove 61,31,11,43,17,2,2,19,120
dupage,Downers Grove 63,23,12,29,6,12,1,9,60
dupage,Downers Grove 65,18,10,61,1,20,2,21,98
dupage,Downers Grove 64,27,11,56,4,6,1,13,129
dupage,Downers Grove 67,23,7,13,2,3,5,13,46
dupage,Downers Grove 66,16,8,15,4,4,1,18,87
dupage,Downers Grove 69,22,4,19,6,4,5,14,55
dupage,York 56,35,20,26,10,7,1,15,61
dupage,Milton 20,14,8,26,0,8,3,13,98
dupage,Milton 21,14,5,63,4,3,1,15,48
dupage,Milton 22,23,13,27,1,6,7,20,103
dupage,Milton 23,29,4,22,5,2,1,46,122
dupage,Milton 24,30,15,31,5,3,2,20,55
dupage,Milton 25,23,4,38,1,4,1,22,151
dupage,Milton 26,26,18,12,4,3,5,13,63
dupage,Milton 27,26,14,45,3,4,3,36,66
dupage,Milton 28,16,12,11,3,9,0,20,100
dupage,Milton 29,16,15,35,0,2,3,11,79
dupage,Milton 64,13,6,57,3,5,1,26,59
dupage,Naperville 26,9,3,26,0,29,0,16,46
dupage,Naperville 22,15,12,19,2,22,0,19,58
dupage,Lisle 32,18,2,27,4,7,2,19,45
dupage,Lisle 31,17,12,27,2,37,2,37,102
dupage,Downers Grove 109,20,8,23,2,13,1,11,101
dupage,Lisle 37,18,7,22,1,31,1,18,94
dupage,Downers Grove 105,31,16,58,11,16,10,20,85
dupage,Lisle 38,28,13,38,1,22,5,15,79
dupage,Downers Grove 106,30,7,21,1,7,2,12,91
dupage,Downers Grove 103,21,9,41,9,3,3,12,83
dupage,Downers Grove 102,22,8,19,4,7,1,4,91
dupage,Wayne 48,35,7,15,2,0,1,10,149
dupage,Wayne 49,19,12,17,3,6,6,8,89
dupage,Wayne 46,20,14,16,3,0,6,5,61
dupage,Wayne 47,10,5,8,4,5,0,5,36
dupage,Wayne 44,18,10,18,4,5,3,7,62
dupage,Wayne 42,12,9,26,5,7,6,13,58
dupage,Wayne 43,14,7,7,3,2,1,14,55
dupage,Wayne 40,33,16,21,5,3,3,9,79
dupage,Milton 9,19,6,34,5,2,2,30,90
dupage,Milton 8,21,17,44,2,7,2,26,121
dupage,Milton 1,18,15,42,2,5,1,25,83
dupage,Milton 3,11,2,15,1,3,0,21,94
dupage,Milton 2,17,6,47,7,8,4,41,88
dupage,Milton 5,20,3,14,4,2,4,2,84
dupage,Milton 4,12,7,22,1,7,0,9,115
dupage,Milton 7,12,15,34,3,4,3,28,103
dupage,Milton 6,12,11,68,5,2,3,33,64
dupage,Milton 108,21,11,26,2,2,6,25,80
dupage,Milton 109,18,4,24,1,5,4,22,148
dupage,Winfield 41,7,2,8,0,6,4,9,44
dupage,Winfield 40,15,2,23,5,3,3,9,44
dupage,Milton 102,16,6,9,1,1,1,17,122
dupage,Milton 100,11,11,23,2,5,1,18,84
dupage,Milton 106,10,8,23,6,5,1,19,145
dupage,Milton 107,11,8,24,2,6,1,23,134
dupage,Milton 104,18,11,27,3,7,2,9,58
dupage,Milton 105,19,6,30,1,6,5,21,55
dupage,Downers Grove 107,18,11,32,2,10,6,23,113
dupage,Bloomingdale 58,28,10,35,5,5,11,15,83
dupage,Downers Grove 59,54,26,82,9,5,6,52,9
dupage,York 131,10,2,6,0,2,1,5,14
dupage,Downers Grove 51,15,12,108,6,11,4,22,67
dupage,Downers Grove 52,24,11,55,2,9,1,20,112
dupage,Downers Grove 53,24,8,66,1,18,4,26,104
dupage,Downers Grove 54,27,8,45,2,5,1,13,79
dupage,Downers Grove 55,7,6,50,5,2,0,11,66
dupage,Downers Grove 56,19,12,26,3,6,2,11,63
dupage,Downers Grove 57,34,12,33,3,5,8,14,75
dupage,Downers Grove 29,43,13,44,5,6,6,24,115
dupage,Downers Grove 28,18,2,46,3,4,1,7,93
dupage,Downers Grove 27,19,10,26,3,6,0,8,69
dupage,Downers Grove 26,40,23,95,4,11,2,11,118
dupage,Downers Grove 21,36,5,58,14,5,2,20,88
dupage,Downers Grove 20,32,15,70,2,13,0,11,75
dupage,Lisle 126,9,3,9,2,10,0,18,65
dupage,Milton 19,32,10,36,0,5,6,23,103
dupage,Milton 18,27,13,23,3,4,8,26,130
dupage,Milton 11,14,10,44,4,12,1,19,72
dupage,Milton 10,24,8,62,5,7,2,25,70
dupage,Milton 13,16,12,37,0,3,1,33,77
dupage,Milton 12,21,10,51,2,4,2,24,47
dupage,Milton 15,21,8,44,2,6,1,28,87
dupage,Milton 14,16,4,42,3,1,0,13,93
dupage,Milton 17,22,10,24,4,4,0,11,66
dupage,Milton 16,28,9,49,3,6,3,27,78
dupage,Lisle 95,11,2,8,1,17,2,21,96
dupage,Lisle 91,36,11,26,8,29,2,19,89
dupage,Lisle 92,13,5,18,6,15,1,8,25
dupage,Lisle 68,9,5,15,1,18,0,16,45
dupage,Downers Grove 151,17,3,27,3,1,0,12,68
dupage,Milton 68,26,8,44,3,8,3,30,80
dupage,Milton 69,26,5,62,6,7,8,32,79
dupage,Downers Grove 154,25,8,12,4,3,1,6,64
dupage,Lisle 61,12,5,20,2,13,2,7,41
dupage,Milton 65,21,11,24,0,3,3,24,128
dupage,Milton 66,27,15,70,0,5,1,29,93
dupage,Milton 67,24,8,39,1,3,3,16,74
dupage,Milton 60,14,16,29,1,4,4,12,49
dupage,Milton 61,13,3,15,3,2,0,9,94
dupage,Milton 62,22,28,28,0,7,4,26,71
dupage,Milton 63,15,10,33,3,7,3,7,94
dupage,Downers Grove 49,22,8,85,3,13,1,15,87
dupage,Winfield 7,18,4,30,2,6,1,32,126
mchenry,Algonquin 46,50,27,28,8,4,4,25,105
mchenry,Algonquin 47,60,22,39,3,4,13,25,109
mchenry,Algonquin 44,38,11,20,3,0,4,8,60
mchenry,Algonquin 45,35,16,31,3,1,3,18,110
mchenry,Algonquin 42,53,11,50,6,6,6,13,117
mchenry,Algonquin 43,45,20,29,8,4,3,8,102
mchenry,Algonquin 40,38,17,27,2,2,1,12,53
mchenry,Algonquin 41,56,23,44,0,8,9,14,111
mchenry,Algonquin 60,36,5,13,4,1,5,2,35
mchenry,Algonquin 61,15,15,16,3,1,1,7,62
mchenry,Algonquin 62,40,12,45,1,3,5,15,107
mchenry,Algonquin 63,57,9,56,2,6,6,19,119
mchenry,Algonquin 64,29,9,16,2,3,1,8,50
mchenry,Algonquin 65,52,14,21,2,1,4,18,135
mchenry,Algonquin 48,64,14,43,4,4,8,16,117
mchenry,Algonquin 49,24,6,22,4,2,3,5,80
mchenry,Algonquin 24,28,27,20,7,2,1,7,70
mchenry,Algonquin 25,31,14,23,3,3,5,8,64
mchenry,Algonquin 26,22,19,19,1,2,3,10,46
mchenry,Algonquin 27,22,30,20,4,2,3,9,57
mchenry,Algonquin 20,18,4,24,5,4,2,5,38
mchenry,Algonquin 21,41,10,28,5,5,4,6,70
mchenry,Algonquin 22,28,13,16,3,3,1,2,46
mchenry,Algonquin 23,60,19,37,5,2,6,13,124
mchenry,Algonquin 55,43,21,36,5,6,3,19,103
mchenry,Algonquin 28,33,21,34,6,2,5,11,93
mchenry,Algonquin 29,19,14,12,7,3,5,6,53
mchenry,Algonquin 54,30,9,21,1,3,12,12,108
mchenry,Algonquin 68,38,12,35,5,3,8,11,125
mchenry,Algonquin 1,29,11,23,2,1,4,10,49
mchenry,Algonquin 59,54,13,32,6,3,7,9,69
mchenry,Algonquin 3,29,7,27,6,1,5,9,67
mchenry,Algonquin 2,32,26,53,4,10,8,15,75
mchenry,Algonquin 5,31,30,43,4,1,9,16,115
mchenry,Algonquin 4,46,30,34,3,1,9,34,77
mchenry,Algonquin 7,29,5,18,0,1,0,3,67
mchenry,Algonquin 6,28,16,35,2,5,5,7,77
mchenry,Algonquin 9,31,24,22,3,5,6,15,85
mchenry,Algonquin 8,35,15,24,4,3,3,21,71
mchenry,Algonquin 51,37,30,47,3,7,10,21,153
mchenry,Algonquin 50,34,17,23,4,1,6,13,91
mchenry,Algonquin 53,41,8,14,6,2,1,7,42
mchenry,Algonquin 52,40,20,28,4,4,7,10,57
mchenry,Algonquin 19,47,12,25,3,2,0,6,71
mchenry,Algonquin 18,30,7,7,4,2,6,5,71
mchenry,Algonquin 57,54,18,31,10,7,5,15,91
mchenry,Algonquin 56,37,4,11,5,1,5,4,52
mchenry,Algonquin 15,25,14,26,6,2,1,2,64
mchenry,Algonquin 14,37,8,30,3,5,2,9,101
mchenry,Algonquin 17,45,13,35,3,4,7,21,156
mchenry,Algonquin 16,59,7,21,0,0,2,12,126
mchenry,Algonquin 11,33,20,20,8,2,6,13,88
mchenry,Algonquin 10,45,21,44,3,4,3,16,78
mchenry,Algonquin 13,27,16,29,5,3,3,9,70
mchenry,Algonquin 12,45,22,35,4,4,2,13,90
mchenry,Algonquin 37,16,7,10,1,0,0,0,15
mchenry,Algonquin 36,36,16,28,6,4,2,9,124
mchenry,Algonquin 35,18,22,20,4,4,6,17,94
mchenry,Algonquin 34,30,20,34,5,3,5,7,62
mchenry,Algonquin 33,38,11,36,6,3,2,7,100
mchenry,Algonquin 32,42,7,26,1,2,4,8,78
mchenry,Algonquin 31,52,16,16,3,6,7,10,93
mchenry,Algonquin 30,33,18,27,5,3,5,16,124
mchenry,Algonquin 67,32,19,33,2,0,3,9,91
mchenry,Algonquin 39,30,16,23,7,3,6,7,66
mchenry,Algonquin 38,37,17,34,5,2,2,13,86
mchenry,Algonquin 58,45,11,27,5,2,0,10,88
mchenry,Algonquin 66,29,14,40,4,1,7,6,60
